name,full_name,url,stars,commits,project_type,description,created_at,last_updated
VRTK,ExtendRealityLtd/VRTK,https://github.com/ExtendRealityLtd/VRTK.git,3724,2473,Organizational,An example of how to use the Tilia packages to create great content with VRTK v4.,2016-04-23,2026-01-30
InputSystem,Unity-Technologies/InputSystem,https://github.com/Unity-Technologies/InputSystem.git,1497,2612,Organizational,An efficient and versatile input system for Unity.,2017-10-03,2026-01-26
open-brush,icosa-foundation/open-brush,https://github.com/icosa-foundation/open-brush.git,1058,851,Organizational,"Open Brush is the open source, community led evolution of Tilt Brush! Forked from https://github.com/googlevr/tilt-brush",2021-01-26,2026-01-28
EditorXR,Unity-Technologies/EditorXR,https://github.com/Unity-Technologies/EditorXR.git,942,6176,Organizational,Author XR in XR,2016-12-15,2026-01-28
VirtualMotionCapture,sh-akira/VirtualMotionCapture,https://github.com/sh-akira/VirtualMotionCapture.git,805,1064,Organizational,VR„Ç≤„Éº„É†‰∏≠„Å´„É¢„Éá„É´„Çí„Ç≥„É≥„Éà„É≠„Éº„É´,2018-07-08,2026-01-31
UnityPlugin,ultraleap/UnityPlugin,https://github.com/ultraleap/UnityPlugin.git,573,7722,Organizational,Ultraleap SDK for Unity.,2016-02-18,2026-01-29
ultimatexr-unity,VRMADA/ultimatexr-unity,https://github.com/VRMADA/ultimatexr-unity.git,544,111,Organizational,"UltimateXR is a free, open source framework that facilitates the creation of VR applications.",2022-07-11,2026-01-28
UnityGameTemplate,Team-on/UnityGameTemplate,https://github.com/Team-on/UnityGameTemplate.git,522,522,Personal,"Template with all necessary stuff taken care, just create your games main features.",2020-03-07,2026-01-31
EasyVirtualMotionCaptureForUnity,gpsnmeajp/EasyVirtualMotionCaptureForUnity,https://github.com/gpsnmeajp/EasyVirtualMotionCaptureForUnity.git,441,214,Organizational,VMCProtocol Receiver asset for Unity. Easy to use! / „Éê„Éº„ÉÅ„É£„É´„É¢„Éº„Ç∑„Éß„É≥„Ç≠„É£„Éó„ÉÅ„É£„Éº„Å™„Å©VMCProtocol„ÇíÂèó‰ø°„Åó„Å¶Unity„Å´ÂèçÊò†„Åô„Çã„Çπ„ÇØ„É™„Éó„Éà„Åß„Åô„ÄÇ,2019-10-12,2026-01-19
VR-Stage-Lighting,AcChosen/VR-Stage-Lighting,https://github.com/AcChosen/VR-Stage-Lighting.git,414,190,Organizational,"A collection of HLSL shaders, UdonSharp scripts, 3D models, prefabs, and assets designed to emulate the real control, quality, and complexity of professional stage lighting into VRChat in as many ways as possible.",2021-05-20,2026-01-25
nomai-vr,Raicuparta/nomai-vr,https://github.com/Raicuparta/nomai-vr.git,371,601,Organizational,Outer Wilds VR Mod with 6DOF tracking and full motion control support,2020-01-05,2026-01-23
ViveInputUtility-Unity,ViveSoftware/ViveInputUtility-Unity,https://github.com/ViveSoftware/ViveInputUtility-Unity.git,366,1005,Organizational,A toolkit that helps developing/prototyping VR apps.,2017-03-27,2026-01-09
LCVR,DaXcess/LCVR,https://github.com/DaXcess/LCVR.git,339,499,Organizational,Collecting Scrap in VR,2023-11-19,2026-01-27
Basis,BasisVR/Basis,https://github.com/BasisVR/Basis.git,321,3613,Organizational,Basis is an open-source social framework for VR and Desktop usage.,2024-06-04,2026-02-01
zed-unity,stereolabs/zed-unity,https://github.com/stereolabs/zed-unity.git,288,433,Organizational,ZED SDK Unity plugin,2017-04-05,2026-01-13
The-Seed-Link-Future,whx-prog/The-Seed-Link-Future,https://github.com/whx-prog/The-Seed-Link-Future.git,263,213,Personal,Âü∫‰∫éUnityÔºåÁ°¨‰ª∂Quest2Êó®Âú®Â∏ÆÂä©ÂºÄÂèëËÄÖÂø´ÈÄüÊûÑÈÄ†VRÊ∏∏ÊàèÂéüÂûã‰ª•ÂèäÂàùÂ≠¶ËÄÖÂø´ÈÄüÂÖ•Èó®„ÄÇÂêåÊó∂‰πüÊòØÂàÄÂâëÁ•ûÂüüÈ°πÁõÆÁöÑÂäüËÉΩÂéüÂûãÊ®°Êùø„ÄÇ,2022-05-22,2025-12-28
unity-experiment-framework,immersivecognition/unity-experiment-framework,https://github.com/immersivecognition/unity-experiment-framework.git,259,507,Organizational,UXF - Framework for creating human behaviour experiments in Unity,2017-10-08,2026-01-20
DxR,ronellsicat/DxR,https://github.com/ronellsicat/DxR.git,227,517,Personal,"DXR is a Unity package for rapid prototyping of immersive data visualizations in augmented, mixed, and virtual reality (AR, MR, VR) or XR for short.",2017-11-08,2026-01-28
ViRe,TrackLab/ViRe,https://github.com/TrackLab/ViRe.git,215,131,Personal,A open-source VR mocap studio built in Unity,2021-02-21,2026-01-23
vimeo-unity-sdk,vimeo/vimeo-unity-sdk,https://github.com/vimeo/vimeo-unity-sdk.git,213,288,Organizational,Easily stream your Vimeo videos into Unity or record and publish out to Vimeo.,2017-07-10,2026-02-01
uuvr,Raicuparta/uuvr,https://github.com/Raicuparta/uuvr.git,197,189,Personal,Universal VR mod for Unity games,2023-11-30,2026-01-27
two-forks-vr,Raicuparta/two-forks-vr,https://github.com/Raicuparta/two-forks-vr.git,162,577,Personal,Firewatch VR Mod,2021-06-16,2026-01-23
ViveGrip,JScott/ViveGrip,https://github.com/JScott/ViveGrip.git,157,319,Personal,Physics-based grabbing for SteamVR development in Unity.,2016-04-27,2025-12-09
BeatSaberPlus,hardcpp/BeatSaberPlus,https://github.com/hardcpp/BeatSaberPlus.git,149,119,Organizational,,2020-10-28,2026-01-28
VR-Builder,MindPort-GmbH/VR-Builder,https://github.com/MindPort-GmbH/VR-Builder.git,138,465,Organizational,"VR Builder is an open source toolkit that lets you create VR applications without prior experience. It supports all major VR headsets, has a graphical workflow editor, and offers various integrations. VR Builder Pro (https://u3d.as/3pUD) on the Unity Asset Store is based on this repository and offers additional functionality.",2022-03-18,2026-01-30
RocketMan-a-VR-videogame-created-with-Unity,EliaFantini/RocketMan-a-VR-videogame-created-with-Unity,https://github.com/EliaFantini/RocketMan-a-VR-videogame-created-with-Unity.git,102,142,Personal,"A Virtual-Reality ""escape-room-like"" videogame for Oculus Quest, developed with Unity Engine using only the basic Oculus Framework. Game awarded as best game of the course ( year 2021/2022)",2022-03-14,2026-01-20
DepthViewer,parkchamchi/DepthViewer,https://github.com/parkchamchi/DepthViewer.git,87,551,Personal,Unity program that creates 3D scenes for VR using MiDaS model,2022-10-06,2026-01-26
TLabWebViewVR,TLabAltoh/TLabWebViewVR,https://github.com/TLabAltoh/TLabWebViewVR.git,66,250,Personal,Sample Unity project for using TLabWebView (3D web browser / 3D WebView plugin) in OculusQuest. Includes Meta XR SDK and XR Interaction Toolkit implementation example.,2023-05-05,2026-01-08
vrtist,ubisoft/vrtist,https://github.com/ubisoft/vrtist.git,65,1717,Organizational,Virtual Reality tool for storytelling,2021-03-10,2026-01-23
createthis_vr_ui,createthis/createthis_vr_ui,https://github.com/createthis/createthis_vr_ui.git,58,182,Personal,CreateThis VR UI,2017-06-01,2025-08-28
XR-Keyboard,ultraleap/XR-Keyboard,https://github.com/ultraleap/XR-Keyboard.git,55,661,Organizational,"A reusable, physical XR keyboard built to be easy to use for short string entry. Made for Unity, Ultraleap hand tracking & the Interaction Engine.",2021-06-02,2025-06-26
Unity-SDK,Insight-XR/Unity-SDK,https://github.com/Insight-XR/Unity-SDK.git,54,127,Organizational,Unity SDK for Replay functionality,2024-02-21,2026-01-04
SiraUtil,Auros/SiraUtil,https://github.com/Auros/SiraUtil.git,50,512,Organizational,A powerful utility mod which expands the capabilities and provides more tools to Beat Saber modders.,2020-06-14,2026-01-07
cvr-sdk-unity,CognitiveVR/cvr-sdk-unity,https://github.com/CognitiveVR/cvr-sdk-unity.git,49,3336,Organizational,Cognitive3D SDK for Unity - Analytics for VR/AR/MR,2016-04-22,2026-01-03
vr-modeling,rogerbarton/vr-modeling,https://github.com/rogerbarton/vr-modeling.git,48,641,Personal,3D Modeling in Virtual Reality with libigl,2020-06-19,2025-12-18
MercuryMessaging,ColumbiaCGUI/MercuryMessaging,https://github.com/ColumbiaCGUI/MercuryMessaging.git,48,255,Organizational,A framework and encompassing toolkit to facilitate nonspatial communication in the Unity game engine.,2017-06-29,2026-01-27
QTM-Connect-For-Unity,qualisys/QTM-Connect-For-Unity,https://github.com/qualisys/QTM-Connect-For-Unity.git,47,191,Organizational,Unity package for the C# (.NET) implementation of the real-time protocol for Qualisys Track Manager,2015-07-16,2026-01-18
Spoke,Adam4lexander/Spoke,https://github.com/Adam4lexander/Spoke.git,43,356,Personal,Spoke is a tiny declarative reactivity engine for Unity.,2025-05-06,2026-01-20
ImmersiveDroneInterface,immersive-command-system/ImmersiveDroneInterface,https://github.com/immersive-command-system/ImmersiveDroneInterface.git,38,246,Organizational,"The Immersive Semi-Autonomous Aerial Command System is an open-source aerial vehicle command and control platform, designed for immersive interfaces (such as the Oculus Rift). This system provides an intuitive and seamless extension of human operators‚Äô perception and control capabilities over the air, enabling a variety of research applications.  ",2017-06-14,2025-12-09
stanley-vr,Raicuparta/stanley-vr,https://github.com/Raicuparta/stanley-vr.git,35,160,Personal,VR mod for The Stanley Parable: Ultra Deluxe with full motion control support,2022-04-30,2025-12-18
ResoniteUnityPackagesImporter,dfgHiatus/ResoniteUnityPackagesImporter,https://github.com/dfgHiatus/ResoniteUnityPackagesImporter.git,34,135,Organizational,Import Unity Packages into Resonite,2022-07-25,2026-01-21
arc-vr,MPIB/arc-vr,https://github.com/MPIB/arc-vr.git,25,171,Personal,ARC-VR is a Unity framework/toolbox intended for the development of psychology studies in VR,2021-06-01,2024-04-19
sXR,simpleOmnia/sXR,https://github.com/simpleOmnia/sXR.git,25,121,Personal,"Made for academia, simpleXR (simple XR) facilitates rapid XR development in Unity by introducing simple one line commands for many more complicated tasks like recording eye-tracking information or creating a user interface. Contact: admin@simpleomnia.com",2023-01-31,2025-07-31
ANKH-VR,plaidpants/ANKH-VR,https://github.com/plaidpants/ANKH-VR.git,22,343,Personal,Ultima 4 in VR,2022-02-28,2025-04-17
MeTACAST,LixiangZhao98/MeTACAST,https://github.com/LixiangZhao98/MeTACAST.git,21,106,Personal,Selection techniques for particle data in VR environment with simple 6DOF point/stroke input.,2023-06-27,2025-10-06
Elektronik,dioram/Elektronik,https://github.com/dioram/Elektronik.git,21,552,Personal,–ò–Ω—Å—Ç—Ä—É–º–µ–Ω—Ç –¥–ª—è —Ç–µ—Å—Ç–∏—Ä–æ–≤–∞–Ω–∏—è –∏ –æ—Ç–ª–∞–¥–∫–∏ SLAM. Tools for testing and debugging SLAM.,2019-07-02,2026-01-05
MuVR,hpcvis/MuVR,https://github.com/hpcvis/MuVR.git,18,158,Organizational,The Multi-User Virtual Reality and Body Presence framework is a Unity framework that provides a foundation for multiuser/player VR experiences. Its networking is provided by the Fish-Networking library. It is primarily designed around allowing users to quickly create VR applications.,2022-06-29,2025-07-24
EscapeMuseumVR,ErickSimoes/EscapeMuseumVR,https://github.com/ErickSimoes/EscapeMuseumVR.git,15,157,Personal,:eyeglasses: Virtual Reality Game for Android for the Udacity VR Developer Nanodegree Program,2017-07-09,2025-12-09
Interactions,Shababeek/Interactions,https://github.com/Shababeek/Interactions.git,15,516,Organizational,,2019-06-27,2026-01-29
vr4vet,vr4vet/vr4vet,https://github.com/vr4vet/vr4vet.git,14,336,Organizational,"VR4VET or ""Virtual Reality for Career Guidance and Vocational Education and Training"" is a project that maintains this repository. The VR4VET project is funded by the EU under the Erasmus+ program",2022-06-20,2025-03-24
Unity-XR-NetworkMapper-Project,Orgzales/Unity-XR-NetworkMapper-Project,https://github.com/Orgzales/Unity-XR-NetworkMapper-Project.git,13,108,Personal,"An AR/VR/XR application made within a Unity Engine that will Map out wireless network connections to visualize signal strengths, access points, vulnerabilities, and more coming soon.  Development was on the Meta Quest/ Meta Quest 2.",2023-09-14,2025-12-25
Capstone_Design,hotbreakb/Capstone_Design,https://github.com/hotbreakb/Capstone_Design.git,10,918,Personal,"It is VRüëÄ FPSüëâ GameüéÆ using LeapMotion. There's a video clipüìπ of the game, so please check it outüôè‚ù§. Please send me an email to areyhappy12@gmail.com if you have any questions.",2021-02-16,2024-06-16
Terminal,danielcolinjames/Terminal,https://github.com/danielcolinjames/Terminal.git,10,186,Organizational,A virtual reality puzzle game built in Unity.,2016-10-27,2025-11-01
First-Virtual-Dive,yayuniversal/First-Virtual-Dive,https://github.com/yayuniversal/First-Virtual-Dive.git,9,266,Organizational,"VR scuba diving simulator for Oculus Quest, built with Unity",2021-02-05,2025-08-27
realitytoolkit.dev,realitycollective/realitytoolkit.dev,https://github.com/realitycollective/realitytoolkit.dev.git,9,115,Organizational,The development project for building the Reality Toolkit and its respective components,2022-02-11,2024-12-30
Engine-VR,RTUITLab/Engine-VR,https://github.com/RTUITLab/Engine-VR.git,8,325,Organizational,VR application where you can assemble a rocket engine in a multiplayer room with other people.,2021-04-10,2024-10-08
HorrorGame,PontusAhlin/HorrorGame,https://github.com/PontusAhlin/HorrorGame.git,8,819,Organizational,VR/AR inspired mobile horror game,2024-04-15,2026-01-28
Virtual-interaction-library,AndreasRoither/Virtual-interaction-library,https://github.com/AndreasRoither/Virtual-interaction-library.git,8,121,Personal,Library for interaction/navigation techniques for Unity VR,2019-02-26,2025-08-27
VRExplorer,TsingPig/VRExplorer,https://github.com/TsingPig/VRExplorer.git,8,245,Personal,VRExplorer: A Model-based Approach for Semi-Automated Virtual Reality Scene Exploration and Testing,2024-10-25,2026-01-05
ChatVRoom,VRcolVento/ChatVRoom,https://github.com/VRcolVento/ChatVRoom.git,7,109,Personal,:space_invader: Chat VR Room: decorable room inspired by Ready Player One,2018-06-16,2024-02-22
farmasia-vr,FarmasiaVR/farmasia-vr,https://github.com/FarmasiaVR/farmasia-vr.git,7,4720,Organizational,FarmasiaVR is a virtual way of practicing laboratory work in the Viikki Pharmaceutical laboratory.,2023-01-16,2025-08-07
jpl-trek-vr,alvinquach/jpl-trek-vr,https://github.com/alvinquach/jpl-trek-vr.git,7,385,Personal,JPL Trek VR Room application,2018-03-07,2022-12-05
ALGOSUP_2022_Project_4_E,PaulMarisOUMary/ALGOSUP_2022_Project_4_E,https://github.com/PaulMarisOUMary/ALGOSUP_2022_Project_4_E.git,7,196,Organizational,"A Virtual Reality project running on Unity, meant to simulate and put into situation the operation and logistics of a company's next premises, in order to anticipate any potential shortcomings.",2022-02-10,2024-05-16
AR-CYBS-UnityArduinoMultiplayerXR,iuli4n/AR-CYBS-UnityArduinoMultiplayerXR,https://github.com/iuli4n/AR-CYBS-UnityArduinoMultiplayerXR.git,7,106,Personal,"Connect connect multiple AR/VR devices together, connect and control Arduino electronics, create 3D worlds, connect sensors to virtual objects. This is built on MRTK and supports Hololens2",2022-08-12,2025-07-07
wind-turbine-vr,Chgv99/wind-turbine-vr,https://github.com/Chgv99/wind-turbine-vr.git,7,434,Personal,A VR simulation of the experience inside a wind turbine in Unity.,2022-03-24,2025-05-06
TLabWebViewMRTK,TLabAltoh/TLabWebViewMRTK,https://github.com/TLabAltoh/TLabWebViewMRTK.git,6,143,Personal,Sample Unity project for using TLabWebView (3D web browser / 3D WebView plugin) with Mixed Reality Toolkit in OculusQuest,2023-09-09,2025-07-29
galaxyvr,rh-galaxy/galaxyvr,https://github.com/rh-galaxy/galaxyvr.git,6,479,Personal,Galaxy Forces VR,2019-02-01,2026-01-30
ExPresS-XR,eisclimber/ExPresS-XR,https://github.com/eisclimber/ExPresS-XR.git,6,307,Personal,"Based on the OpenXR Standard, ExPresS XR aims is to help automate early stages of development by providing configurable base implementations of components that are expected to be useful for scientific XR projects.  ",2022-04-29,2025-12-23
the-tall-wall-falls,iamrequest/the-tall-wall-falls,https://github.com/iamrequest/the-tall-wall-falls.git,6,106,Personal,"A physics-based Attack On Titan inspired PCVR game, created in 7 days for the Brackey's 2021 Game Jam",2021-02-14,2024-08-12
MagniVR,SuHCI/MagniVR,https://github.com/SuHCI/MagniVR.git,5,168,Personal,MagniVR is an open source Unity SDK designed to make VR accessible for low-vision users through customizable magnification.,2022-12-18,2025-05-16
PARSEC,danieljharris/PARSEC,https://github.com/danieljharris/PARSEC.git,5,158,Personal,A collaborative virtual reality application for visualising network connections,2022-06-27,2025-08-27
tivolispace,tivolispace/tivolispace,https://github.com/tivolispace/tivolispace.git,5,192,Personal,The new Tivoli,2022-09-02,2023-05-23
Starchaeologist,MSD-RIT-NASA/Starchaeologist,https://github.com/MSD-RIT-NASA/Starchaeologist.git,5,861,Organizational,Gamification and Performance Based Monitoring of Sensorimotor Training Activities,2022-09-12,2025-02-06
VirtualRecovery,VirtualRecovery/VirtualRecovery,https://github.com/VirtualRecovery/VirtualRecovery.git,5,160,Organizational,Therapy of post-stroke patients in VR environment,2024-11-22,2025-10-22
Colourful-Fishes,HedonisticOpportunist/Colourful-Fishes,https://github.com/HedonisticOpportunist/Colourful-Fishes.git,5,146,Personal,A VR application made for a university project.,2022-12-25,2026-01-22
fullerene,jimthejelly/fullerene,https://github.com/jimthejelly/fullerene.git,5,329,Organizational,A reconstruction of chemistry molecules in a 3D space.,2024-06-04,2025-12-13
latkUnity,LightningArtist/latkUnity,https://github.com/LightningArtist/latkUnity.git,5,101,Personal,"Read and write Latk files in Unity, import Tilt Brush / Open Brush and Quill.",2017-02-16,2025-03-06
capstone-2020-17,kookmin-sw/capstone-2020-17,https://github.com/kookmin-sw/capstone-2020-17.git,5,187,Organizational,‚Äª SAFE LAB: VR Ïã§ÌóòÏã§ ÏïàÏ†ÑÍµêÏú° ‚Äª,2020-03-10,2024-02-07
GeneNet-VR,kolibrid/GeneNet-VR,https://github.com/kolibrid/GeneNet-VR.git,4,104,Personal,GeneNet VR: visualization tool for large biological networks,2019-10-03,2025-08-27
iva-cui,ISUE/iva-cui,https://github.com/ISUE/iva-cui.git,4,220,Organizational,ACM CUI '25 | LLM-powered Conversational Agents in VR,2025-05-21,2025-08-20
final-project-prefabulous,comp159-fall17/final-project-prefabulous,https://github.com/comp159-fall17/final-project-prefabulous.git,4,425,Organizational,"Final Project for Prefabulous, LLC",2017-11-17,2021-12-15
flori-vr,drew-thompson/flori-vr,https://github.com/drew-thompson/flori-vr.git,4,425,Organizational,"Final Project for Prefabulous, LLC",2019-09-11,2025-08-11
ava-unity,emperorofmars/ava-unity,https://github.com/emperorofmars/ava-unity.git,3,110,Personal,Extensions for STF to support VR Avatars,2023-05-10,2024-01-22
GazeFactory,JDeffner/GazeFactory,https://github.com/JDeffner/GazeFactory.git,3,256,Organizational,This project Demonstrates a Gaze Guiding system,2023-05-26,2024-12-10
PirateRushVR,szejkerek/PirateRushVR,https://github.com/szejkerek/PirateRushVR.git,3,384,Personal,"Enginnering project, immersive VR experience for Oculus Quest 2",2023-09-16,2025-04-30
vr-bim,ArjoNagelhout/vr-bim,https://github.com/ArjoNagelhout/vr-bim.git,3,105,Personal,"VR BIM Repository, contains experimental non-production ready code",2024-05-11,2024-10-05
PacmanVR,mrdofu/PacmanVR,https://github.com/mrdofu/PacmanVR.git,3,119,Personal,"It's pacman, but from the point of view of a ghost and in VR",2016-06-25,2025-10-12
com.realitytoolkit.core,realitycollective/com.realitytoolkit.core,https://github.com/realitycollective/com.realitytoolkit.core.git,3,1246,Organizational,The all-purpose framework for building the next reality,2022-02-06,2025-01-04
Beat-Saber-Game-VR,Akash3121/Beat-Saber-Game-VR,https://github.com/Akash3121/Beat-Saber-Game-VR.git,3,136,Personal,Embark on a Sonic Adventure: Creating Beat Saber VR ‚Äì A Developer's Odyssey,2023-12-09,2025-05-26
VRLabyrinth,FireEmerald/VRLabyrinth,https://github.com/FireEmerald/VRLabyrinth.git,2,100,Personal,Virtual reality experience featuring a Labyrinth at night,2019-04-29,2022-07-22
Drive360,klmui/Drive360,https://github.com/klmui/Drive360.git,2,113,Personal,"The video demo and screenshots are below. Drive 360 is an Android application that helps people who are trying to learn how to drive by using VR technology (Google Cardboard + Unity Framework)! Teachers can also use this platform to organize their classrooms. This was created by Kenny Mui, Monica Schmidt, Ben Carpenter, and Khoa Thien Le (Harry). ",2020-02-29,2020-05-19
Eco-Defender,Blue-Square-Legion/Eco-Defender,https://github.com/Blue-Square-Legion/Eco-Defender.git,2,344,Organizational,,2024-04-07,2025-04-07
puppeteer-vr,ImSOLty/puppeteer-vr,https://github.com/ImSOLty/puppeteer-vr.git,2,136,Personal,üé•üíÉVR application for creating animations involving multiple virtual avatars through the movements of a single user.üï∫üé•,2024-05-02,2025-05-31
Archery_Game_Unity3D,FandosA/Archery_Game_Unity3D,https://github.com/FandosA/Archery_Game_Unity3D.git,1,126,Personal,Project of an archery game developed for my VR subject during the Master's,2022-02-24,2024-04-05
Dumpling-Manatee-Simulation,AlexWills37/Dumpling-Manatee-Simulation,https://github.com/AlexWills37/Dumpling-Manatee-Simulation.git,1,239,Personal,Become a manatee and learn about eutrophication in this VR game built with Unity!,2023-06-01,2024-06-20
senior-project-spring-2022-autopath,comp195/senior-project-spring-2022-autopath,https://github.com/comp195/senior-project-spring-2022-autopath.git,1,140,Organizational,A Web and VR-based pathfinding visualization tool,2022-02-05,2022-04-20
ECO-SORTER-VR,Alexx904/ECO-SORTER-VR,https://github.com/Alexx904/ECO-SORTER-VR.git,1,153,Personal,Progetto Ingegneria Del Software,2025-12-02,2026-01-18
nutrixr,joelkingsley/nutrixr,https://github.com/joelkingsley/nutrixr.git,1,754,Organizational,"A Virtual Reality application for nutrition education and awareness, built with Unity and Meta XR SDK. NutriXR provides immersive experiences in virtual supermarket and kitchen environments to help users make informed food choices and understand nutritional and environmental impacts.",2025-07-31,2025-12-20
TLabWebViewVR,laironcosta1994/TLabWebViewVR,https://github.com/laironcosta1994/TLabWebViewVR.git,1,158,Personal,Sample project for using WebView in Oculus quest VR in Unity. Includes Meta XR SDK and XR Interaction Toolkit implementation example.,2024-08-07,2024-09-12
ScoreLab,NotEnoughPhotons/ScoreLab,https://github.com/NotEnoughPhotons/ScoreLab.git,1,131,Personal,Score modification for BONELAB.,2021-12-21,2025-06-13
Wall-VR,Jvaljer/Wall-VR,https://github.com/Jvaljer/Wall-VR.git,1,105,Personal,"This project was the one for my Internship at the LISN research laboratory, in the ILDA team with Olivier Chapuis for the CNRS.  The aim was to allow multiple user to perform remote collaboration tasks from multiple different devices.",2023-05-31,2023-12-14
Overkill,CodyI20/Overkill,https://github.com/CodyI20/Overkill.git,1,142,Organizational,"Overkill is a VR game developed in Unity Engine C#, over the span of 3 weeks, in which you play as a secret agent trying to escape from a booby-trapped factory. You will need to use your whole body and ample movements in order to dodge incoming traps!",2024-12-19,2025-11-29
hover-shooter,winterfive/hover-shooter,https://github.com/winterfive/hover-shooter.git,1,873,Personal,"A fun, GearVR based shooter game for all ages",2018-07-20,2020-11-17
BGC3D_23,Rio-Hirai/BGC3D_23,https://github.com/Rio-Hirai/BGC3D_23.git,1,208,Personal,IPLABË¶ñÁ∑öÁè≠„ÅÆ3Ê¨°ÂÖÉBubble Gaze Cursor„ÅÆÂÆüÈ®ì„Ç¢„Éó„É™„Ç±„Éº„Ç∑„Éß„É≥ÔºàÂÖ¨ÈñãÁî®Ôºâ,2023-06-13,2025-06-18
Robotics-Unity-VR-Game,JaninaMattes/Robotics-Unity-VR-Game,https://github.com/JaninaMattes/Robotics-Unity-VR-Game.git,1,488,Organizational,Leveraging VRTK framework with Unity game engine to create a single player VR game with multiple game levels.,2019-10-07,2024-05-01
space-invaders-vr,dtomschitz/space-invaders-vr,https://github.com/dtomschitz/space-invaders-vr.git,1,249,Personal,"Space Invaders VR ist eine Neuinterpretation des Shoot-'em-up Games ""Space Invaders"", das 1978 von Tomoshiro Nishikado entwickelt wurde. Der Spieler sitzt in einem Raumschiff und steuert zwei Gesch√ºtze, mit denen er in einer virtuellen Welt Gegner in verschiedenen Wellen abwehren muss.",2021-02-25,2021-11-21
NYVRHack,fufjvnvnf/NYVRHack,https://github.com/fufjvnvnf/NYVRHack.git,1,103,Personal,"Unity VR project that won the Samsung NYVR Hackathon, Feb. 2017",2017-02-14,2019-03-23
Afridokta-2018,advaitambeskar/Afridokta-2018,https://github.com/advaitambeskar/Afridokta-2018.git,1,124,Organizational,Final Implementation,2018-05-05,2020-03-12
Unity_Project_2023-2024,ApostolisSiampanis/Unity_Project_2023-2024,https://github.com/ApostolisSiampanis/Unity_Project_2023-2024.git,1,298,Personal,"This project is a team assignment for the ""Computer Games"" and ""Virtual Reality"" courses, offered in the 7th semester of the 2023 academic year at the University of Piraeus, Department of Informatics.",2023-11-16,2024-11-23
vr-tower-defense,WallerTheDeveloper/vr-tower-defense,https://github.com/WallerTheDeveloper/vr-tower-defense.git,1,160,Personal,"A Virtual Reality tower defense game built with Unity, featuring immersive spatial gameplay where players defend their headquarters using strategic tower placement. Project uses Passthrough feature",2025-06-21,2026-01-21
UnityVR_Anima,iamWing/UnityVR_Anima,https://github.com/iamWing/UnityVR_Anima.git,1,325,Personal,,2017-02-14,2017-05-16
Among-us-VR,IoanSava/Among-us-VR,https://github.com/IoanSava/Among-us-VR.git,1,134,Organizational,,2020-10-27,2024-12-30
CommonExperienceSample,open-video-game-library/CommonExperienceSample,https://github.com/open-video-game-library/CommonExperienceSample.git,1,126,Personal,Collection of sample applications for evaluating tactile display experiences.,2022-07-03,2024-01-12
freiheit-diy,ForzaMark/freiheit-diy,https://github.com/ForzaMark/freiheit-diy.git,0,120,Personal,"Ein VR-Spiel zu Amatuerelektronik, Z√§sur und Informationsfreiheit in der DDR.",2022-10-01,2022-10-21
ProjectWatchVR,sableangle/ProjectWatchVR,https://github.com/sableangle/ProjectWatchVR.git,0,114,Personal,The project source of the master thesis - Smartwatch-based 3DOF Motion Controller and Its Effect - Take‚ÄúSpatial Puzzle VR Game‚Äùas an Example,2024-07-12,2024-12-10
PowerFantasyVR,Faulo/PowerFantasyVR,https://github.com/Faulo/PowerFantasyVR.git,0,573,Personal,,2019-09-25,2025-01-10
Spookyjam,JamesLedger/Spookyjam,https://github.com/JamesLedger/Spookyjam.git,0,129,Organizational,Halloween themed hackathon using VR and hand tracking,2020-10-19,2023-02-23
Metaverse-Driver-s-License-Skill-Test,MayoneJY/Metaverse-Driver-s-License-Skill-Test,https://github.com/MayoneJY/Metaverse-Driver-s-License-Skill-Test.git,0,341,Organizational,Î©îÌÉÄÎ≤ÑÏä§ Ïö¥Ï†ÑÎ©¥Ìóà Í∏∞Îä• ÏãúÌóò Ïó∞ÏäµÏû•„ÄÄ„ÄÄ#Ï°∏ÏóÖÏûëÌíà,2022-06-22,2022-08-29
blockism,dchipping/blockism,https://github.com/dchipping/blockism.git,0,199,Personal,Blockism is a social VR building game where players work together to build structures and score points before time runs out!,2022-02-11,2022-04-14
vr_project_2019,pablomz97/vr_project_2019,https://github.com/pablomz97/vr_project_2019.git,0,204,Organizational,VR labyrinth game,2019-10-27,2019-10-27
shape-shooter-vr,winterfive/shape-shooter-vr,https://github.com/winterfive/shape-shooter-vr.git,0,227,Personal,GearVR based 1st person shooter... zap those shapes!,2018-06-28,2018-08-22
p7-prototype,turtle-masters/p7-prototype,https://github.com/turtle-masters/p7-prototype.git,0,234,Organizational,ü•Ω VR game developed during the seventh semester group project at Medialogy @ Aalborg University,2021-09-12,2023-08-27
VirtualRealty,zganger/VirtualRealty,https://github.com/zganger/VirtualRealty.git,0,145,Organizational,,2015-10-14,2017-01-14
Orb-Odyssey,AmyE123/Orb-Odyssey,https://github.com/AmyE123/Orb-Odyssey.git,0,562,Organizational,,2023-11-14,2024-06-13
TowerDefenseVR,sp8cky/TowerDefenseVR,https://github.com/sp8cky/TowerDefenseVR.git,0,146,Personal,"Tower defense implementation in 3D and VR with unity, but you can interact as a player and attack the enemies.",2024-10-05,2024-10-08
Mazegunner-VR,dralois/Mazegunner-VR,https://github.com/dralois/Mazegunner-VR.git,0,221,Organizational,SGJ 2018: Mazegunner VR Prototype,2018-06-15,2020-08-30
Architect,Xenation/Architect,https://github.com/Xenation/Architect.git,0,286,Organizational,A VR puzzle game where you manipulate architectural modules (made in Unity),2019-03-15,2020-06-13
IAProyecto2,devemg/IAProyecto2,https://github.com/devemg/IAProyecto2.git,0,103,Personal,IA Proyecto 2. 1s 2021. ,2021-04-25,2021-06-04
neanderthal-tools,mta211041/neanderthal-tools,https://github.com/mta211041/neanderthal-tools.git,0,528,Personal,VR simulation for dissemination of Neanderthal tool crafting,2021-02-04,2021-07-01
StrangeDungeonVR,aerobless/StrangeDungeonVR,https://github.com/aerobless/StrangeDungeonVR.git,0,137,Personal,"Discover an endless dungeon full of monsters, treasure and secrets. Battle through enemies while collecting power-ups and gold. Strange Dungeon is a rogue-lite experience with a randomised, endless level.",2022-01-24,2022-03-05
Orienteering-VR,WiktorKociuba/Orienteering-VR,https://github.com/WiktorKociuba/Orienteering-VR.git,0,166,Personal,"A game about orienteering for Windows, Mac, Linux and VR.",2025-02-20,2026-01-20
Company-Roulette,rafaeldavidjose/Company-Roulette,https://github.com/rafaeldavidjose/Company-Roulette.git,0,131,Personal,VR experience built in Unity 6 for Meta Quest.,2025-02-06,2025-11-04
com.realitytoolkit.player,realitycollective/com.realitytoolkit.player,https://github.com/realitycollective/com.realitytoolkit.player.git,0,173,Personal,The camera service module of the Reality Toolkit. Use this module to set up a camera rig for XR apps and games in no time.,2023-03-04,2024-09-06
MetaFuar,TOBB-ETU-Seniors/MetaFuar,https://github.com/TOBB-ETU-Seniors/MetaFuar.git,0,172,Organizational,Virtual Fairground for Interactive Product Showcasing - Unity VR Project,2023-01-12,2023-07-21
Coral-iMD-VR,yutakasi634/Coral-iMD-VR,https://github.com/yutakasi634/Coral-iMD-VR.git,0,257,Personal,A simple implementation of general-purpose coarse-grained simulation on Virtual Reality.,2020-12-06,2021-02-16
missile-command-effect,wesley-petit/missile-command-effect,https://github.com/wesley-petit/missile-command-effect.git,0,126,Personal,Missile Command with impactful VR visuals and music-visual synchronisation.,2021-02-27,2023-07-22
JJJJ_Liminal,EnglishGuy4/JJJJ_Liminal,https://github.com/EnglishGuy4/JJJJ_Liminal.git,0,193,Organizational,Really cool VR experience from some diploma students,2025-07-27,2026-01-28
VisionEye,aeboyaci/VisionEye,https://github.com/aeboyaci/VisionEye.git,0,243,Organizational,VR Escape Room Game with High Quality Graphics,2023-01-16,2024-06-05
Min-Max,The64thGamer/Min-Max,https://github.com/The64thGamer/Min-Max.git,0,633,Personal,A VR Team-Based Multiplayer Shooter,2023-02-18,2023-08-13
VR_Saliency-Photorealism,univr-GRAIL/VR_Saliency-Photorealism,https://github.com/univr-GRAIL/VR_Saliency-Photorealism.git,0,162,Personal,Attentive saliency and photorealism in Immersive Virtual Environments.,2024-01-08,2025-07-22
p8-prototype,7gang/p8-prototype,https://github.com/7gang/p8-prototype.git,0,108,Personal,ü•Ω VR game developed during the eighth semester group project at Medialogy @ Aalborg University,2022-03-25,2022-06-21
MU-VR-Experience,SkinnyDevi/MU-VR-Experience,https://github.com/SkinnyDevi/MU-VR-Experience.git,0,211,Personal,A collaboration with Manos Unidas to create a VR experience for viewing short films in Virtual Reality.,2021-11-08,2021-12-16
Multi-User-VR-App,RicoGuerra/Multi-User-VR-App,https://github.com/RicoGuerra/Multi-User-VR-App.git,0,230,Personal,The application that I developed as part of my bachelor thesis,2021-06-16,2023-05-20
Rac-VR,ACROSS-Lab/Rac-VR,https://github.com/ACROSS-Lab/Rac-VR.git,0,409,Organizational,Implementation of https://github.com/ACROSS-Lab/BacHungHai-Waste in VR,2023-08-10,2026-01-30
AvatarInfection,HAHOOS/AvatarInfection,https://github.com/HAHOOS/AvatarInfection.git,0,156,Personal,Fusion Gamemode where you either infect people or try to not get infected,2025-02-09,2026-02-01
ProjetoVR-V2,DarkerQueenSara/ProjetoVR-V2,https://github.com/DarkerQueenSara/ProjetoVR-V2.git,0,131,Organizational,Redirected Walking in VR Spaces - Maximizing physical space by using procedurally generated non-euclidian environments.,2020-11-28,2025-12-02
holbertonschool-unity,aleiadevore/holbertonschool-unity,https://github.com/aleiadevore/holbertonschool-unity.git,0,310,Personal,,2021-07-19,2022-01-10
bpr2,BPR2XRD/bpr2,https://github.com/BPR2XRD/bpr2.git,0,244,Organizational,XDR lab showcase bachelor project at VIA College university,2023-09-30,2023-10-14
alchemister,GinoxXP/alchemister,https://github.com/GinoxXP/alchemister.git,0,136,Personal,Alchemistry VR simulator,2024-07-13,2025-08-17
PumkinsAvatarTools,rurre/PumkinsAvatarTools,https://github.com/rurre/PumkinsAvatarTools.git,798,311,Organizational,A toolbox for easily setting up VRChat avatars in Unity. Adds functionality to the editor and automates some of the tedious tasks.,2018-11-12,2026-01-20
Cardboard-VR-Unity-SDK,mobfishgmbh/Cardboard-VR-Unity-SDK,https://github.com/mobfishgmbh/Cardboard-VR-Unity-SDK.git,57,138,Personal,,2020-03-20,2025-08-27
Voice2Action,yang-su2000/Voice2Action,https://github.com/yang-su2000/Voice2Action.git,42,233,Organizational,"ALICE and its prior work, Voice2Action: Language Models as Agent for Efficient Real-Time Interaction in Virtual Reality",2023-02-10,2026-01-19
peppy,ddoak/peppy,https://github.com/ddoak/peppy.git,16,288,Personal,A VR app which allows creation and manipulation of dynamic models of polypeptides. Focus is fun and learning.,2018-07-04,2025-10-22
vrsys-core,vrsys/vrsys-core,https://github.com/vrsys/vrsys-core.git,13,192,Personal,"Netcode-based Cross-Platform Unity Multi-User VR Framework for HMD, PC, Powerwall",2024-04-01,2025-12-05
1-HP-Wizard,scott0123/1-HP-Wizard,https://github.com/scott0123/1-HP-Wizard.git,13,144,Organizational,Spellcasting in Virtual Reality!,2018-10-17,2025-08-27
VR_Fitness_Bike,BowenBZ/VR_Fitness_Bike,https://github.com/BowenBZ/VR_Fitness_Bike.git,13,100,Personal,"This repo is the display part for the VR Fitness Bike. Sensor and edge devices attached to the real bike will send the speed and direction data from the bike with trainer, then the bike in the VR world will go with the same speed and direction. This repo is the game play of bike.",2019-04-05,2025-08-27
vitrivr-vr,vitrivr/vitrivr-vr,https://github.com/vitrivr/vitrivr-vr.git,11,397,Personal,vitrivr-VR is a virtual reality interface for the vitrivr multimedia retrieval system.,2020-08-27,2026-01-27
VRSketchingGeometry,tterpi/VRSketchingGeometry,https://github.com/tterpi/VRSketchingGeometry.git,11,151,Personal,Unity project for the creation of line geometry for VR sketching,2020-01-27,2025-08-27
ColivriDigitalTwin,imagine-uniandes/ColivriDigitalTwin,https://github.com/imagine-uniandes/ColivriDigitalTwin.git,8,341,Organizational,Unity project that aims to create a digital replica of the Colivri laboratory at Uniandes,2023-07-31,2025-12-29
VIBES-Lab-Project1,JohnBacho/VIBES-Lab-Project1,https://github.com/JohnBacho/VIBES-Lab-Project1.git,4,272,Organizational,"A Unity VR project developed for neuroscience and psychology research, focusing on fear conditioning in VR.",2025-03-07,2026-01-11
TableTennisVR-Version1,pnlt/TableTennisVR-Version1,https://github.com/pnlt/TableTennisVR-Version1.git,4,308,Personal,An immersive virtual reality table tennis experience for Meta Quest devices,2025-01-22,2025-10-06
Intention-Prediction-VR-DNN,fralvarezz/Intention-Prediction-VR-DNN,https://github.com/fralvarezz/Intention-Prediction-VR-DNN.git,4,155,Personal,This project combines the usage of Eye Tracking and Deep Neural Networks to predict in real time the intention of a user in Virtual Reality.,2022-03-07,2025-08-27
vr-bezier-curve-extruder,felixriehm/vr-bezier-curve-extruder,https://github.com/felixriehm/vr-bezier-curve-extruder.git,3,173,Personal,A Unity plugin which allows a user to draw surfaces in VR.,2021-03-28,2025-08-27
XRDrone,XRDrone/XRDrone,https://github.com/XRDrone/XRDrone.git,2,148,Organizational,XRDrone is a wildfire search-and-rescue drone-to-VR system that gives operators real-time situational awareness in VR.,2025-10-10,2026-02-01
VIBES-Lab-Project2,JohnBacho/VIBES-Lab-Project2,https://github.com/JohnBacho/VIBES-Lab-Project2.git,2,154,Personal,"A Unity VR project designed for neuroscience and psychology research, specifically exploring slot and sports gambling experiences in virtual reality. Utilizing eyetracking technology.",2025-10-07,2026-01-30
PeepoVRoad,PeepoVR/PeepoVRoad,https://github.com/PeepoVR/PeepoVRoad.git,1,103,Organizational,Juego de realidad virtual inspirado en Crossy Road para la asignatura de RAA,2021-10-12,2023-02-08
TLabWebViewMRTK3,TLabAltoh/TLabWebViewMRTK3,https://github.com/TLabAltoh/TLabWebViewMRTK3.git,1,111,Personal,Sample Unity project for using TLabWebView (3D web browser / 3D WebView plugin) with MRTK3 in OculusQuest,2024-04-14,2025-04-26
DotA-Clicker-VR,JoshLmao/DotA-Clicker-VR,https://github.com/JoshLmao/DotA-Clicker-VR.git,1,124,Personal,üéÆü•Ω Virtual Reality incremental clicker game based around the heroes and items of Defence of the Ancients 2. Unfinished,2021-04-01,2022-04-19
mouse-vr,nctrl-lab/mouse-vr,https://github.com/nctrl-lab/mouse-vr.git,1,257,Personal,"A versatile Unity framework for studying rodent behavior on a 2D ball treadmill, with precise control, hardware integration, and real-time data collection across various tasks.",2024-08-22,2024-10-24
Lemoncello12-VR,Lemoncello12/Lemoncello12-VR,https://github.com/Lemoncello12/Lemoncello12-VR.git,1,121,Personal,A fine and dandy VR game.,2022-09-28,2023-04-28
MestresDaXilogravura,Bianca-Mirtes/MestresDaXilogravura,https://github.com/Bianca-Mirtes/MestresDaXilogravura.git,0,184,Organizational,It consist in the development of an interactive Virtual Reality (VR) environment that explores the educational potential of this technology to promote woodcut as a cultural heritage.,2023-10-12,2025-03-07
MindFit-Realm,kalpthakkar/MindFit-Realm,https://github.com/kalpthakkar/MindFit-Realm.git,0,104,Personal,"MindFit Realm is an immersive VR wellness experience blending mindfulness, interactive archery, nature environments, and sensory design. Built in Unity, it delivers calming escapism, focus training, and cognitive relaxation through beautifully crafted, responsive VR interactions.",2025-11-21,2025-11-21
Final-Year-Project,PhilToolan/Final-Year-Project,https://github.com/PhilToolan/Final-Year-Project.git,0,108,Personal,An asymmetric multiplayer virtual reality game made in Unity as a final year project for Computer Science in TU Dublin.,2020-11-06,2023-02-14
ColoringPotVR,ameliacode/ColoringPotVR,https://github.com/ameliacode/ColoringPotVR.git,0,123,Organizational,üîö 2020-1 Virtual Reality lecture final-term class project,2020-07-14,2021-09-08
com.realitytoolkit.locomotion,realitycollective/com.realitytoolkit.locomotion,https://github.com/realitycollective/com.realitytoolkit.locomotion.git,0,143,Organizational,A locomotion system for use with the Reality Toolkit.,2022-05-05,2024-09-06
EchoVR,HugoDemRey/EchoVR,https://github.com/HugoDemRey/EchoVR.git,0,124,Organizational,"Virtual Reality (VR) game about mountain climbing. This project was part of the course ""Virtual Reality"" at EPFL.",2025-03-04,2026-01-26
VRSketchingGeometry,FKI-HTW/VRSketchingGeometry,https://github.com/FKI-HTW/VRSketchingGeometry.git,0,189,Organizational,Unity package for sketching in Virtual Reality using geometry based objects,2023-04-27,2024-11-26
sl-unity-tasks,Sun-Lab-NBB/sl-unity-tasks,https://github.com/Sun-Lab-NBB/sl-unity-tasks.git,0,125,Personal,A Unity project used to make Virtual Reality task environments in the Sun (NeuroAI) lab.,2025-05-27,2026-01-15
ArtGalleryXR,archit-biswas/ArtGalleryXR,https://github.com/archit-biswas/ArtGalleryXR.git,0,459,Organizational,Group Project for creating an XR Art Gallery using Unity Game development tools to showcase and apply concepts of a Software Development Lifecycle,2025-06-02,2025-10-11
ShootAR,AnimaRain/ShootAR,https://github.com/AnimaRain/ShootAR.git,69,268,Personal,An AR shooter game for Android,2018-02-09,2026-01-09
Spark,IsjaslawEisenstadt/Spark,https://github.com/IsjaslawEisenstadt/Spark.git,4,224,Organizational,An educational AR App for learning the basics of logic gates.,2021-10-09,2025-10-23
ar-procedural-generation-unity-gpu,rcj9719/ar-procedural-generation-unity-gpu,https://github.com/rcj9719/ar-procedural-generation-unity-gpu.git,3,100,Personal,ARC or ARCreation is an augmented reality application developed for Android using ARCore and Unity. It is an app that generates GPU accelerated procedural elements like interactive grass and l-system trees to create an immersive experience,2022-11-09,2024-03-12
immersal-playback-debug-sandbox,drumath2237/immersal-playback-debug-sandbox,https://github.com/drumath2237/immersal-playback-debug-sandbox.git,2,807,Organizational,Playback API„ÇíÁî®„ÅÑ„Å¶Immersal„ÅÆ‰ΩçÁΩÆÂêà„Çè„Åõ„Çí‰∫ãÂâç„Å´Ë®òÈå≤„Åó„Åü„Éá„Éº„Çø„Åã„ÇâË°å„ÅÜ,2021-09-16,2021-12-08
Augmented_Focus,BerniceChua/Augmented_Focus,https://github.com/BerniceChua/Augmented_Focus.git,1,324,Personal,Augmented Reality (AR) game that challenges how long a player can keep track of a fidgety creature such as a hummingbird.  Now transferred to https://gitlab.com/BerniceChua/Augmented_Focus,2017-07-15,2025-10-08
AR-StickMaze,tienthanh214/AR-StickMaze,https://github.com/tienthanh214/AR-StickMaze.git,1,117,Personal,AR card game about stickman and maze ,2022-12-18,2024-12-20
ARWorld,bluestarburst/ARWorld,https://github.com/bluestarburst/ARWorld.git,1,1024,Personal,An AR App that shares ARWorldMaps with other users for simultaneous viewing!,2022-11-12,2024-02-07
organ-minds,hofmann-felix/organ-minds,https://github.com/hofmann-felix/organ-minds.git,0,149,Personal,OrganMinds üß† Explore human organs in AR ,2023-07-03,2023-07-31
Simple-WebXR-Unity,Rufus31415/Simple-WebXR-Unity,https://github.com/Rufus31415/Simple-WebXR-Unity.git,606,181,Organizational,‚≠ê Bringing WebXR to Unity 3D ! B-),2020-06-09,2026-01-20
ArucoUnity,NormandErwan/ArucoUnity,https://github.com/NormandErwan/ArucoUnity.git,216,965,Personal,Bring augmented reality to Unity by tracking Aruco markers in real time.,2016-08-02,2026-01-29
PlacenoteSDK-Unity,Placenote/PlacenoteSDK-Unity,https://github.com/Placenote/PlacenoteSDK-Unity.git,82,251,Organizational,Placenote SDK and sample app for Unity,2018-01-25,2025-12-09
TrainAR,jblattgerste/TrainAR,https://github.com/jblattgerste/TrainAR.git,23,110,Personal,An interaction concept & visual scripting-based authoring tool for procedural Mobile (Android & iOS) Augmented Reality trainings.,2022-05-22,2025-10-23
VRsus-guARdian,ttanatb/VRsus-guARdian,https://github.com/ttanatb/VRsus-guARdian.git,23,467,Organizational,A networked game between AR and VR,2017-09-01,2025-10-13
ARbotics,EricVoll/ARbotics,https://github.com/EricVoll/ARbotics.git,17,257,Organizational,soft real-time interactive simulation and visualization framework in AR for robotic systems based on ROS,2020-03-09,2025-09-17
ChemViewAR,CallumHoughton18/ChemViewAR,https://github.com/CallumHoughton18/ChemViewAR.git,13,112,Personal,A molecular viewer augmented reality android app. Designed using Unity and ARCore.,2018-07-18,2025-10-05
motion-instructor,janwww/motion-instructor,https://github.com/janwww/motion-instructor.git,12,162,Organizational,"MR Motion Intructor project, ETH Mixed Reality Lab 2020",2020-10-01,2025-09-01
ProjectPhotoAR_UnityClient,Austin47/ProjectPhotoAR_UnityClient,https://github.com/Austin47/ProjectPhotoAR_UnityClient.git,12,128,Personal,Starter project for a Unity AR/Picture app,2019-06-02,2025-09-23
arcor2_areditor,robofit/arcor2_areditor,https://github.com/robofit/arcor2_areditor.git,11,1985,Organizational,Solution for end-user programming of (collaborative) robots using Augmented Reality. From AR to Python and back!,2019-08-15,2025-10-08
ARrow,UBA-GCOEN/ARrow,https://github.com/UBA-GCOEN/ARrow.git,8,316,Organizational,"ARrow is your augmented reality path to seamless navigation and campus exploration. With ARrow, we aim to revolutionize the way students, faculty, staff, and visitors navigate our college campus.",2023-08-09,2025-03-31
codynators,kpuce2022CD/codynators,https://github.com/kpuce2022CD/codynators.git,8,217,Organizational,ARÍ∏∞Ïà†ÏùÑ ÌôúÏö©Ìïú Ï†ÑÏûê ÎìúÎüºü•Åü•Åü•Å,2021-10-24,2024-11-16
base-blitz,alphayama/base-blitz,https://github.com/alphayama/base-blitz.git,7,204,Personal,An Augmented Reality (AR) game for Android built on Unity Engine,2023-03-29,2025-12-17
mystic-tear,mystic-tear/mystic-tear,https://github.com/mystic-tear/mystic-tear.git,6,158,Organizational,"A low-fantasy AR mobile game for all ages; The Unicorn Overlord opened a rift into our universe and let loose all kinds of creatures into our world. Collect the invading creatures and work with them to defeat the Unicorn and his minions, send them back to their universe and close the rift!",2020-06-01,2025-12-09
Survival-Shooter-The-Sequel,mikeleo03/Survival-Shooter-The-Sequel,https://github.com/mikeleo03/Survival-Shooter-The-Sequel.git,6,284,Organizational,Survival Shooter: The Sequel - Extended version of Survival Shooter game from Unity,2024-05-11,2025-12-17
interactive-collaboration-platform-in-AR,JPMMaia/interactive-collaboration-platform-in-AR,https://github.com/JPMMaia/interactive-collaboration-platform-in-AR.git,5,113,Personal,A system for asynchronous collaboration using augmented reality,2017-02-22,2025-03-31
CaptureGraafsmeer,Team-Swamp/CaptureGraafsmeer,https://github.com/Team-Swamp/CaptureGraafsmeer.git,5,376,Organizational,Location-based augmented reality mobile game - Exam Unity game project,2024-03-18,2025-12-09
museum-app,walley892/museum-app,https://github.com/walley892/museum-app.git,4,207,Organizational,An augmented reality application allowing museum goers to see exhibits virtually,2019-02-06,2024-12-07
WorkAR,SyJuly/WorkAR,https://github.com/SyJuly/WorkAR.git,3,112,Personal,WorkAR is a prototype of an augmented reality application for a work environment (Bachelor's Thesis),2018-10-29,2020-09-01
OWAR,mmeyrat/OWAR,https://github.com/mmeyrat/OWAR.git,3,106,Personal,Organization of the Workspace in Augmented Reality. A HoloLens application created in Unity to automatically arrange documents.,2023-07-17,2023-09-11
ARStats,timscargill/ARStats,https://github.com/timscargill/ARStats.git,3,107,Personal,ARStats: Augmented Reality Session Measurement App for Android or iOS,2021-04-01,2025-07-08
polaris,sambilbow/polaris,https://github.com/sambilbow/polaris.git,2,368,Organizational,polaris~ : An Audiovisual Augmented Reality Experience Built on Open-Source Hardware and Software,2022-11-05,2024-11-25
knect,magley/knect,https://github.com/magley/knect.git,2,131,Personal,"Series of minigames playable with Kinect, made in Unity. One minigame currently implemented.",2024-12-07,2026-01-03
MingoARClassroom,danielawde9/MingoARClassroom,https://github.com/danielawde9/MingoARClassroom.git,2,213,Personal,Mingo AR Classroom Unity Project,2023-03-15,2024-09-12
cube-arena,myieye/cube-arena,https://github.com/myieye/cube-arena.git,2,347,Personal,AR Game for comparing handheld and head-mounted devices. Built with Unity for Android and the HoloLens.,2018-03-24,2025-10-08
SCOUT_AR,The12thAstronaut/SCOUT_AR,https://github.com/The12thAstronaut/SCOUT_AR.git,2,121,Personal,"Space, Communications, Operations, and User Telepresence (SCOUT) is an augmented reality assistant developed by the 12th Astronaut Lab at Texas A&M University.",2023-06-06,2024-05-09
ar-sketching,grimmle/ar-sketching,https://github.com/grimmle/ar-sketching.git,1,104,Personal,mobile AR app for creating 3D drawings,2022-06-09,2023-02-06
2025_CP-Crimson-Map,YzrSaid/2025_CP-Crimson-Map,https://github.com/YzrSaid/2025_CP-Crimson-Map.git,1,260,Personal,Crimson Map is a capstone project developed for Western Mindanao State University (WMSU). The application delivers an Augmented Reality (AR)‚Äìbased indoor/outdoor navigation system designed to guide new students and campus visitors across WMSU‚Äôs Main Campus. ,2025-07-11,2026-01-13
COLAB,sanchi0204/COLAB,https://github.com/sanchi0204/COLAB.git,0,106,Personal,A platform to mix the virtual experience with the offline experience to engage users and improve the monotonous online shopping experience.,2021-03-31,2021-12-28
super-pong,orbarilan4/super-pong,https://github.com/orbarilan4/super-pong.git,0,158,Organizational,"Super Pong is a game based on the popular ""ping-pong"" game. It has game modes like soccer or tennis and even augmented reality mode",2019-10-03,2020-07-09
obashi-dataflows,erolm-a/obashi-dataflows,https://github.com/erolm-a/obashi-dataflows.git,0,101,Organizational,AR application to display network topologies,2020-04-04,2020-08-18
kuka-ar,xalpol12/kuka-ar,https://github.com/xalpol12/kuka-ar.git,0,566,Personal,Real-time coordinate system visualization for KUKA robots using Unity AR Foundation library and Java with Spring framework. Engineering project created as a part of the engineering thesis in the field of automatics and robotics at Poznan Univeristy of Technology,2023-07-31,2024-02-13
Forms,skooter500/Forms,https://github.com/skooter500/Forms.git,11,674,Personal,"Infinite, procedurally generated world with procedurally generated flora and fauna and other mysterious items. Many of the creatures in Infinite Forms can be controlled by the player‚Äôs own physical movements in VR or with an XBOX Controller.  Infinite Forms is programmed in Unity.",2017-03-10,2026-01-26
UnitySDK,Lynx-MR/UnitySDK,https://github.com/Lynx-MR/UnitySDK.git,8,162,Organizational,Lynx Unity SDK to ease development with Lynx-R1 XR headset.,2023-11-28,2026-01-16
XR-Hockey,EltonCN/XR-Hockey,https://github.com/EltonCN/XR-Hockey.git,1,111,Personal,An augmented reality air hockey game. Made with Unity and the Snapdragon Spaces SDK for the ThinkReality A3 glasses.,2022-09-29,2023-05-01
MIRAGE-XR,WEKIT-ECS/MIRAGE-XR,https://github.com/WEKIT-ECS/MIRAGE-XR.git,32,1637,Organizational,"MirageXR is a reference implementation of an XR training system. MirageXR enables experts and learners to share experience via XR and wearables using ghost tracks, realtime feedback, and anchored instruction.",2022-04-14,2025-12-10
project-xr-glasses,dennishnf/project-xr-glasses,https://github.com/dennishnf/project-xr-glasses.git,9,116,Personal,Repository for Glasses project of Extended reality (XR),2021-11-28,2026-01-05
